{
  "hash": "573c6781",
  "configHash": "708f497d",
  "lockfileHash": "a018b129",
  "browserHash": "6c47638a",
  "optimized": {
    "@angular/core": {
      "src": "../../../../../../node_modules/@angular/core/fesm2022/core.mjs",
      "file": "@angular_core.js",
      "fileHash": "5c3a0906",
      "needsInterop": false
    },
    "@angular/platform-browser": {
      "src": "../../../../../../node_modules/@angular/platform-browser/fesm2022/platform-browser.mjs",
      "file": "@angular_platform-browser.js",
      "fileHash": "40e1eabb",
      "needsInterop": false
    },
    "@angular/router": {
      "src": "../../../../../../node_modules/@angular/router/fesm2022/router.mjs",
      "file": "@angular_router.js",
      "fileHash": "1043647b",
      "needsInterop": false
    },
    "@angular/common": {
      "src": "../../../../../../node_modules/@angular/common/fesm2022/common.mjs",
      "file": "@angular_common.js",
      "fileHash": "739174e5",
      "needsInterop": false
    }
  },
  "chunks": {
    "chunk-DUVXK7QC": {
      "file": "chunk-DUVXK7QC.js"
    },
    "chunk-Y2U6TCU2": {
      "file": "chunk-Y2U6TCU2.js"
    },
    "chunk-KT3ROZER": {
      "file": "chunk-KT3ROZER.js"
    }
  }
}