{
  "hash": "87333d83",
  "configHash": "e465a10d",
  "lockfileHash": "6db64c6a",
  "browserHash": "1b07f436",
  "optimized": {
    "@angular/core": {
      "src": "../../../../../../node_modules/@angular/core/fesm2022/core.mjs",
      "file": "@angular_core.js",
      "fileHash": "1acca4fb",
      "needsInterop": false
    },
    "@angular/platform-browser": {
      "src": "../../../../../../node_modules/@angular/platform-browser/fesm2022/platform-browser.mjs",
      "file": "@angular_platform-browser.js",
      "fileHash": "a6422ca8",
      "needsInterop": false
    },
    "@angular/router": {
      "src": "../../../../../../node_modules/@angular/router/fesm2022/router.mjs",
      "file": "@angular_router.js",
      "fileHash": "2c425ba8",
      "needsInterop": false
    }
  },
  "chunks": {
    "chunk-PNYTT2B3": {
      "file": "chunk-PNYTT2B3.js"
    },
    "chunk-KT3ROZER": {
      "file": "chunk-KT3ROZER.js"
    }
  }
}