{
  "hash": "2723703c",
  "configHash": "79d73a48",
  "lockfileHash": "420b8f08",
  "browserHash": "518f7816",
  "optimized": {
    "@angular/core": {
      "src": "../../../../../../node_modules/@angular/core/fesm2022/core.mjs",
      "file": "@angular_core.js",
      "fileHash": "d6533330",
      "needsInterop": false
    },
    "@angular/platform-browser": {
      "src": "../../../../../../node_modules/@angular/platform-browser/fesm2022/platform-browser.mjs",
      "file": "@angular_platform-browser.js",
      "fileHash": "b8348fc0",
      "needsInterop": false
    },
    "@angular/router": {
      "src": "../../../../../../node_modules/@angular/router/fesm2022/router.mjs",
      "file": "@angular_router.js",
      "fileHash": "054e4639",
      "needsInterop": false
    }
  },
  "chunks": {
    "chunk-UEHNUMPX": {
      "file": "chunk-UEHNUMPX.js"
    },
    "chunk-2WBDY7DO": {
      "file": "chunk-2WBDY7DO.js"
    }
  }
}